Date,Closing Price
2014-11-04,45.1483268737793
2014-11-05,48.7559814453125
2014-11-06,47.84688949584961
2014-11-07,47.3875617980957
2014-11-10,44.71770477294922
2014-11-11,43.72248840332031
2014-11-12,45.1196174621582
2014-11-13,46.43062210083008
2014-11-14,45.92344665527344
2014-11-17,46.58373260498047
2014-11-18,46.79425811767578
2014-11-19,48.535884857177734
2014-11-20,48.976078033447266
2014-11-21,49.37799072265625
2014-11-24,50.64114761352539
2014-11-25,51.57894515991211
2014-11-26,52.00956726074219
2014-11-28,52.47846984863281
2014-12-01,51.69377899169922
2014-12-02,51.92344665527344
2014-12-03,51.26315689086914
2014-12-04,51.69377899169922
2014-12-05,52.105262756347656
2014-12-08,52.03827667236328
2014-12-09,51.952152252197266
2014-12-10,51.7320556640625
2014-12-11,50.650001525878906
2014-12-12,49.06999969482422
2014-12-15,48.27000045776367
2014-12-16,47.75
2014-12-17,48.04999923706055
2014-12-18,48.290000915527344
2014-12-19,49.310001373291016
2014-12-22,50.68000030517578
2014-12-23,51.25
2014-12-24,50.880001068115234
2014-12-26,50.810001373291016
2014-12-29,50.369998931884766
2014-12-30,50.59000015258789
2014-12-31,50.09000015258789
2015-01-02,49.79999923706055
2015-01-05,48.810001373291016
2015-01-06,47.529998779296875
2015-01-07,47.68000030517578
2015-01-08,49.290000915527344
2015-01-09,48.88999938964844
2015-01-12,48.9900016784668
2015-01-13,49.849998474121094
2015-01-14,48.130001068115234
2015-01-15,49.060001373291016
2015-01-16,48.97999954223633
2015-01-20,47.470001220703125
2015-01-21,47.130001068115234
2015-01-22,47.560001373291016
2015-01-23,47.09000015258789
2015-01-26,47.25
2015-01-27,47.11000061035156
2015-01-28,45.61000061035156
2015-01-29,45.119998931884766
2015-01-30,44.470001220703125
2015-02-02,45.2400016784668
2015-02-03,47.029998779296875
2015-02-04,48.619998931884766
2015-02-05,51.0
2015-02-06,50.04999923706055
2015-02-09,49.59000015258789
2015-02-10,49.93000030517578
2015-02-11,49.369998931884766
2015-02-12,50.209999084472656
2015-02-13,49.95000076293945
2015-02-17,50.630001068115234
2015-02-18,50.5
2015-02-19,50.47999954223633
2015-02-20,50.61000061035156
2015-02-23,50.90999984741211
2015-02-24,51.27000045776367
2015-02-25,52.52000045776367
2015-02-26,52.04999923706055
2015-02-27,51.86000061035156
2015-03-02,52.849998474121094
2015-03-03,53.689998626708984
2015-03-04,52.900001525878906
2015-03-05,52.790000915527344
2015-03-06,52.16999816894531
2015-03-09,53.7599983215332
2015-03-10,52.689998626708984
2015-03-11,52.939998626708984
2015-03-12,55.540000915527344
2015-03-13,55.27000045776367
2015-03-16,55.36000061035156
2015-03-17,54.66999816894531
2015-03-18,54.560001373291016
2015-03-19,54.2599983215332
2015-03-20,54.150001525878906
2015-03-23,53.90999984741211
2015-03-24,54.75
2015-03-25,53.79999923706055
2015-03-26,53.27000045776367
2015-03-27,53.970001220703125
2015-03-30,53.70000076293945
2015-03-31,56.47999954223633
2015-04-01,55.599998474121094
2015-04-02,55.84000015258789
2015-04-06,55.849998474121094
2015-04-07,55.75
2015-04-08,55.790000915527344
2015-04-09,55.93000030517578
2015-04-10,56.029998779296875
2015-04-13,55.720001220703125
2015-04-14,55.54999923706055
2015-04-15,55.5099983215332
2015-04-16,55.65999984741211
2015-04-17,54.540000915527344
2015-04-20,53.849998474121094
2015-04-21,54.59000015258789
2015-04-22,53.63999938964844
2015-04-23,53.02000045776367
2015-04-24,53.33000183105469
2015-04-27,53.380001068115234
2015-04-28,53.400001525878906
2015-04-29,54.84000015258789
2015-04-30,54.2400016784668
2015-05-01,53.939998626708984
2015-05-04,54.84000015258789
2015-05-05,54.41999816894531
2015-05-06,53.86000061035156
2015-05-07,53.369998931884766
2015-05-08,52.40999984741211
2015-05-11,52.20000076293945
2015-05-12,51.630001068115234
2015-05-13,51.9900016784668
2015-05-14,51.540000915527344
2015-05-15,51.689998626708984
2015-05-18,52.34000015258789
2015-05-19,52.54999923706055
2015-05-20,52.400001525878906
2015-05-21,52.5
2015-05-22,52.0
2015-05-26,53.58000183105469
2015-05-27,53.59000015258789
2015-05-28,53.290000915527344
2015-05-29,53.90999984741211
2015-06-01,53.779998779296875
2015-06-02,53.83000183105469
2015-06-03,52.81999969482422
2015-06-04,52.119998931884766
2015-06-05,52.68000030517578
2015-06-08,52.0099983215332
2015-06-09,52.2400016784668
2015-06-10,52.400001525878906
2015-06-11,52.68000030517578
2015-06-12,52.470001220703125
2015-06-15,51.939998626708984
2015-06-16,51.90999984741211
2015-06-17,51.939998626708984
2015-06-18,52.029998779296875
2015-06-19,52.0
2015-06-22,52.06999969482422
2015-06-23,51.77000045776367
2015-06-24,50.619998931884766
2015-06-25,50.16999816894531
2015-06-26,51.790000915527344
2015-06-29,50.59000015258789
2015-06-30,50.970001220703125
2015-07-01,51.810001373291016
2015-07-02,51.720001220703125
2015-07-06,51.81999969482422
2015-07-07,51.65999984741211
2015-07-08,50.93000030517578
2015-07-09,51.27000045776367
2015-07-10,52.150001525878906
2015-07-13,53.15999984741211
2015-07-14,53.08000183105469
2015-07-15,53.97999954223633
2015-07-16,54.66999816894531
2015-07-17,54.83000183105469
2015-07-20,54.95000076293945
2015-07-21,54.540000915527344
2015-07-22,54.779998779296875
2015-07-23,53.65999984741211
2015-07-24,53.58000183105469
2015-07-27,52.599998474121094
2015-07-28,53.11000061035156
2015-07-29,53.650001525878906
2015-07-30,54.06999969482422
2015-07-31,53.970001220703125
2015-08-03,54.810001373291016
2015-08-04,56.04999923706055
2015-08-05,54.540000915527344
2015-08-06,53.72999954223633
2015-08-07,53.59000015258789
2015-08-10,54.58000183105469
2015-08-11,54.52000045776367
2015-08-12,54.08000183105469
2015-08-13,54.63999938964844
2015-08-14,54.5099983215332
2015-08-17,55.9900016784668
2015-08-18,56.4900016784668
2015-08-19,56.54999923706055
2015-08-20,55.20000076293945
2015-08-21,53.5
2015-08-24,51.7400016784668
2015-08-25,52.52000045776367
2015-08-26,53.20000076293945
2015-08-27,54.65999984741211
2015-08-28,54.650001525878906
2015-08-31,54.470001220703125
2015-09-01,53.97999954223633
2015-09-02,54.58000183105469
2015-09-03,55.36000061035156
2015-09-04,55.04999923706055
2015-09-08,55.970001220703125
2015-09-09,55.619998931884766
2015-09-10,54.5099983215332
2015-09-11,54.459999084472656
2015-09-14,54.189998626708984
2015-09-15,54.75
2015-09-16,55.06999969482422
2015-09-17,56.54999923706055
2015-09-18,55.779998779296875
2015-09-21,56.91999816894531
2015-09-22,56.279998779296875
2015-09-23,55.45000076293945
2015-09-24,54.18000030517578
2015-09-25,53.9900016784668
2015-09-28,51.4900016784668
2015-09-29,50.189998626708984
2015-09-30,51.439998626708984
2015-10-01,53.5
2015-10-02,54.119998931884766
2015-10-05,55.880001068115234
2015-10-06,54.91999816894531
2015-10-07,54.81999969482422
2015-10-08,55.5099983215332
2015-10-09,55.459999084472656
2015-10-12,55.290000915527344
2015-10-13,55.209999084472656
2015-10-14,54.61000061035156
2015-10-15,55.68000030517578
2015-10-16,55.540000915527344
2015-10-19,55.06999969482422
2015-10-20,54.47999954223633
2015-10-21,52.599998474121094
2015-10-22,52.93000030517578
2015-10-23,53.439998626708984
2015-10-26,53.65999984741211
2015-10-27,52.709999084472656
2015-10-28,53.310001373291016
2015-10-29,55.130001068115234
2015-10-30,54.560001373291016
2015-11-02,55.04999923706055
2015-11-03,55.189998626708984
2015-11-04,54.810001373291016
2015-11-05,54.529998779296875
2015-11-06,54.75
2015-11-09,54.310001373291016
2015-11-10,54.65999984741211
2015-11-11,54.810001373291016
2015-11-12,55.0
2015-11-13,53.29999923706055
2015-11-16,53.029998779296875
2015-11-17,53.25
2015-11-18,54.029998779296875
2015-11-19,53.13999938964844
2015-11-20,53.40999984741211
2015-11-23,53.25
2015-11-24,52.61000061035156
2015-11-25,52.84000015258789
2015-11-27,52.7400016784668
2015-11-30,53.0099983215332
2015-12-01,53.47999954223633
2015-12-02,53.41999816894531
2015-12-03,51.459999084472656
2015-12-04,52.18000030517578
2015-12-07,52.290000915527344
2015-12-08,51.93000030517578
2015-12-09,51.560001373291016
2015-12-10,51.189998626708984
2015-12-11,50.439998626708984
2015-12-14,48.959999084472656
2015-12-15,49.68000030517578
2015-12-16,51.52000045776367
2015-12-17,51.459999084472656
2015-12-18,50.310001373291016
2015-12-21,50.029998779296875
2015-12-22,50.630001068115234
2015-12-23,50.56999969482422
2015-12-24,50.630001068115234
2015-12-28,50.93000030517578
2015-12-29,51.529998779296875
2015-12-30,51.61000061035156
2015-12-31,51.650001525878906
2016-01-04,50.4900016784668
2016-01-05,49.880001068115234
2016-01-06,49.220001220703125
2016-01-07,48.790000915527344
2016-01-08,49.29999923706055
2016-01-11,49.13999938964844
2016-01-12,49.75
2016-01-13,48.11000061035156
2016-01-14,49.45000076293945
2016-01-15,47.83000183105469
2016-01-19,47.83000183105469
2016-01-20,47.34000015258789
2016-01-21,46.959999084472656
2016-01-22,48.22999954223633
2016-01-25,47.349998474121094
2016-01-26,47.31999969482422
2016-01-27,46.25
2016-01-28,46.38999938964844
2016-01-29,47.599998474121094
2016-02-01,48.27000045776367
2016-02-02,47.060001373291016
2016-02-03,47.790000915527344
2016-02-04,47.119998931884766
2016-02-05,46.31999969482422
2016-02-08,45.5
2016-02-09,45.86000061035156
2016-02-10,44.689998626708984
2016-02-11,43.90999984741211
2016-02-12,45.54999923706055
2016-02-16,45.93000030517578
2016-02-17,47.04999923706055
2016-02-18,47.810001373291016
2016-02-19,47.93000030517578
2016-02-22,48.58000183105469
2016-02-23,48.34000015258789
2016-02-24,48.939998626708984
2016-02-25,50.540000915527344
2016-02-26,50.15999984741211
2016-02-29,50.290000915527344
2016-03-01,51.77000045776367
2016-03-02,51.61000061035156
2016-03-03,52.25
2016-03-04,52.31999969482422
2016-03-07,52.84000015258789
2016-03-08,52.630001068115234
2016-03-09,53.04999923706055
2016-03-10,52.40999984741211
2016-03-11,53.349998474121094
2016-03-14,52.790000915527344
2016-03-15,53.150001525878906
2016-03-16,56.54999923706055
2016-03-17,57.11000061035156
2016-03-18,57.540000915527344
2016-03-21,57.59000015258789
2016-03-22,57.619998931884766
2016-03-23,57.18000030517578
2016-03-24,56.88999938964844
2016-03-28,57.189998626708984
2016-03-29,58.5
2016-03-30,58.61000061035156
2016-03-31,58.15999984741211
2016-04-01,58.59000015258789
2016-04-04,58.810001373291016
2016-04-05,58.459999084472656
2016-04-06,58.810001373291016
2016-04-07,57.599998474121094
2016-04-08,57.7599983215332
2016-04-11,57.45000076293945
2016-04-12,57.560001373291016
2016-04-13,58.34000015258789
2016-04-14,57.560001373291016
2016-04-15,57.47999954223633
2016-04-18,56.88999938964844
2016-04-19,57.150001525878906
2016-04-20,55.79999923706055
2016-04-21,55.45000076293945
2016-04-22,55.40999984741211
2016-04-25,57.7400016784668
2016-04-26,57.959999084472656
2016-04-27,56.61000061035156
2016-04-28,57.54999923706055
2016-04-29,57.31999969482422
2016-05-02,59.099998474121094
2016-05-03,58.380001068115234
2016-05-04,58.459999084472656
2016-05-05,58.369998931884766
2016-05-06,58.59000015258789
2016-05-09,58.4900016784668
2016-05-10,59.68000030517578
2016-05-11,59.77000045776367
2016-05-12,58.84000015258789
2016-05-13,59.45000076293945
2016-05-16,57.7599983215332
2016-05-17,57.43000030517578
2016-05-18,57.54999923706055
2016-05-19,57.619998931884766
2016-05-20,59.56999969482422
2016-05-23,57.869998931884766
2016-05-24,58.970001220703125
2016-05-25,58.189998626708984
2016-05-26,57.20000076293945
2016-05-27,57.61000061035156
2016-05-31,57.79999923706055
2016-06-01,59.47999954223633
2016-06-02,59.939998626708984
2016-06-03,59.63999938964844
2016-06-06,58.97999954223633
2016-06-07,59.560001373291016
2016-06-08,59.84000015258789
2016-06-09,59.849998474121094
2016-06-10,59.849998474121094
2016-06-13,58.75
2016-06-14,58.439998626708984
2016-06-15,58.459999084472656
2016-06-16,58.900001525878906
2016-06-17,58.97999954223633
2016-06-20,58.9900016784668
2016-06-21,58.77000045776367
2016-06-22,59.20000076293945
2016-06-23,60.0099983215332
2016-06-24,56.91999816894531
2016-06-27,56.2400016784668
2016-06-28,56.880001068115234
2016-06-29,58.95000076293945
2016-06-30,59.400001525878906
2016-07-01,59.880001068115234
2016-07-05,59.540000915527344
2016-07-06,59.720001220703125
2016-07-07,60.11000061035156
2016-07-08,60.869998931884766
2016-07-11,61.2599983215332
2016-07-12,61.470001220703125
2016-07-13,61.84000015258789
2016-07-14,62.27000045776367
2016-07-15,61.59000015258789
2016-07-18,61.70000076293945
2016-07-19,61.22999954223633
2016-07-20,62.040000915527344
2016-07-21,62.5099983215332
2016-07-22,63.16999816894531
2016-07-25,62.849998474121094
2016-07-26,62.54999923706055
2016-07-27,62.869998931884766
2016-07-28,63.22999954223633
2016-07-29,62.810001373291016
2016-08-01,62.88999938964844
2016-08-02,62.380001068115234
2016-08-03,62.560001373291016
2016-08-04,62.959999084472656
2016-08-05,61.93000030517578
2016-08-08,62.02000045776367
2016-08-09,65.80000305175781
2016-08-10,65.2300033569336
2016-08-11,65.98999786376953
2016-08-12,66.91999816894531
2016-08-15,67.94999694824219
2016-08-16,67.23999786376953
2016-08-17,67.55999755859375
2016-08-18,67.16999816894531
2016-08-19,66.87000274658203
2016-08-22,67.30000305175781
2016-08-23,67.29000091552734
2016-08-24,66.7300033569336
2016-08-25,67.11000061035156
2016-08-26,67.04000091552734
2016-08-29,67.58999633789062
2016-08-30,67.5
2016-08-31,67.44999694824219
2016-09-01,70.52999877929688
2016-09-02,70.37999725341797
2016-09-06,70.52999877929688
2016-09-07,71.29000091552734
2016-09-08,69.56999969482422
2016-09-09,68.41000366210938
2016-09-12,69.79000091552734
2016-09-13,68.87999725341797
2016-09-14,68.98999786376953
2016-09-15,69.55999755859375
2016-09-16,67.80000305175781
2016-09-19,68.62000274658203
2016-09-20,68.87999725341797
2016-09-21,70.33999633789062
2016-09-22,70.9000015258789
2016-09-23,70.93000030517578
2016-09-26,70.83000183105469
2016-09-27,71.3499984741211
2016-09-28,71.66000366210938
2016-09-29,70.45999908447266
2016-09-30,70.16000366210938
2016-10-03,69.76000213623047
2016-10-04,69.86000061035156
2016-10-05,69.58999633789062
2016-10-06,69.51000213623047
2016-10-07,69.05000305175781
2016-10-10,69.61000061035156
2016-10-11,67.08000183105469
2016-10-12,66.66000366210938
2016-10-13,66.13999938964844
2016-10-14,66.7300033569336
2016-10-17,66.68000030517578
2016-10-18,66.80000305175781
2016-10-19,66.6500015258789
2016-10-20,66.51000213623047
2016-10-21,65.83999633789062
2016-10-24,66.51000213623047
2016-10-25,66.0999984741211
2016-10-26,64.02999877929688
2016-10-27,63.06999969482422
2016-10-28,63.95000076293945
2016-10-31,64.94999694824219
2016-11-01,63.880001068115234
2016-11-02,64.23999786376953
2016-11-03,62.56999969482422
2016-11-04,63.459999084472656
2016-11-07,65.0999984741211
2016-11-08,66.23999786376953
2016-11-09,68.16000366210938
2016-11-10,68.26000213623047
2016-11-11,68.23999786376953
2016-11-14,67.25
2016-11-15,66.61000061035156
2016-11-16,66.93000030517578
2016-11-17,67.79000091552734
2016-11-18,67.41000366210938
2016-11-21,67.93000030517578
2016-11-22,69.4000015258789
2016-11-23,68.93000030517578
2016-11-25,69.56999969482422
2016-11-28,68.62000274658203
2016-11-29,70.05000305175781
2016-11-30,69.52999877929688
2016-12-01,68.66999816894531
2016-12-02,67.52999877929688
2016-12-05,68.91000366210938
2016-12-06,70.3499984741211
2016-12-07,72.29000091552734
2016-12-08,71.08000183105469
2016-12-09,70.54000091552734
2016-12-12,70.1500015258789
2016-12-13,71.4800033569336
2016-12-14,72.55999755859375
2016-12-15,72.83999633789062
2016-12-16,72.44000244140625
2016-12-19,72.37999725341797
2016-12-20,72.83999633789062
2016-12-21,72.95999908447266
2016-12-22,73.06999969482422
2016-12-23,72.87000274658203
2016-12-27,73.0999984741211
2016-12-28,73.01000213623047
2016-12-29,73.23999786376953
2016-12-30,72.45999908447266
2017-01-03,71.13999938964844
2017-01-04,72.97000122070312
2017-01-05,73.86000061035156
2017-01-06,74.19000244140625
2017-01-09,73.55999755859375
2017-01-10,74.2300033569336
2017-01-11,74.93000030517578
2017-01-12,74.5
2017-01-13,74.9800033569336
2017-01-17,76.69999694824219
2017-01-18,76.19000244140625
2017-01-19,77.0
2017-01-20,78.0
2017-01-23,78.08999633789062
2017-01-24,78.45999908447266
2017-01-25,78.91999816894531
2017-01-26,85.91000366210938
2017-01-27,83.66999816894531
2017-01-30,83.62999725341797
2017-01-31,83.68000030517578
2017-02-01,83.97000122070312
2017-02-02,83.70999908447266
2017-02-03,84.56999969482422
2017-02-06,83.44999694824219
2017-02-07,84.19000244140625
2017-02-08,84.62999725341797
2017-02-09,84.81999969482422
2017-02-10,84.83000183105469
2017-02-13,84.30000305175781
2017-02-14,84.51000213623047
2017-02-15,84.98999786376953
2017-02-16,84.87000274658203
2017-02-17,85.04000091552734
2017-02-21,85.20999908447266
2017-02-22,84.83999633789062
2017-02-23,84.41999816894531
2017-02-24,84.87000274658203
2017-02-27,85.02999877929688
2017-02-28,84.26000213623047
2017-03-01,84.19000244140625
2017-03-02,83.44000244140625
2017-03-03,83.4000015258789
2017-03-06,83.72000122070312
2017-03-07,83.6500015258789
2017-03-08,83.29000091552734
2017-03-09,83.63999938964844
2017-03-10,84.0999984741211
2017-03-13,84.30999755859375
2017-03-14,84.22000122070312
2017-03-15,84.62000274658203
2017-03-16,84.2699966430664
2017-03-17,84.44999694824219
2017-03-20,84.16999816894531
2017-03-21,83.20999908447266
2017-03-22,83.51000213623047
2017-03-23,84.08999633789062
2017-03-24,84.5999984741211
2017-03-27,84.2699966430664
2017-03-28,84.47000122070312
2017-03-29,84.68000030517578
2017-03-30,85.33000183105469
2017-03-31,85.08999633789062
2017-04-03,85.70999908447266
2017-04-04,87.19000244140625
2017-04-05,86.4800033569336
2017-04-06,87.02999877929688
2017-04-07,86.58000183105469
2017-04-10,86.72000122070312
2017-04-11,86.5
2017-04-12,86.5999984741211
2017-04-13,85.54000091552734
2017-04-17,86.01000213623047
2017-04-18,85.7699966430664
2017-04-19,86.7699966430664
2017-04-20,87.56999969482422
2017-04-21,87.80000305175781
2017-04-24,88.83000183105469
2017-04-25,89.43000030517578
2017-04-26,89.62000274658203
2017-04-27,90.4000015258789
2017-04-28,89.93000030517578
2017-05-01,89.52999877929688
2017-05-02,88.5199966430664
2017-05-03,84.7699966430664
2017-05-04,84.37000274658203
2017-05-05,86.5
2017-05-08,84.58999633789062
2017-05-09,84.8499984741211
2017-05-10,84.22000122070312
2017-05-11,84.25
2017-05-12,83.58999633789062
2017-05-15,83.06999969482422
2017-05-16,82.80000305175781
2017-05-17,81.41000366210938
2017-05-18,82.16999816894531
2017-05-19,82.16999816894531
2017-05-22,82.41000366210938
2017-05-23,82.70999908447266
2017-05-24,84.86000061035156
2017-05-25,85.79000091552734
2017-05-26,86.62000274658203
2017-05-30,87.12999725341797
2017-05-31,88.25
2017-06-01,89.12000274658203
2017-06-02,91.0
2017-06-05,88.72000122070312
2017-06-06,88.55999755859375
2017-06-07,89.0
2017-06-08,87.38999938964844
2017-06-09,86.1500015258789
2017-06-12,87.23999786376953
2017-06-13,88.2300033569336
2017-06-14,87.05000305175781
2017-06-15,86.80999755859375
2017-06-16,87.19000244140625
2017-06-19,87.43000030517578
2017-06-20,85.2699966430664
2017-06-21,85.08999633789062
2017-06-22,84.95999908447266
2017-06-23,84.9800033569336
2017-06-26,85.55999755859375
2017-06-27,84.48999786376953
2017-06-28,86.44999694824219
2017-06-29,85.81999969482422
2017-06-30,85.79000091552734
2017-07-03,83.70999908447266
2017-07-05,84.58000183105469
2017-07-06,84.0199966430664
2017-07-07,84.45999908447266
2017-07-10,85.29000091552734
2017-07-11,85.68000030517578
2017-07-12,86.6500015258789
2017-07-13,86.33999633789062
2017-07-14,87.58000183105469
2017-07-17,87.54000091552734
2017-07-18,87.70999908447266
2017-07-19,88.37000274658203
2017-07-20,88.62999725341797
2017-07-21,89.1500015258789
2017-07-24,88.79000091552734
2017-07-25,88.93000030517578
2017-07-26,89.11000061035156
2017-07-27,93.6500015258789
2017-07-28,94.44000244140625
2017-07-31,98.91999816894531
2017-08-01,99.1500015258789
2017-08-02,98.70999908447266
2017-08-03,98.44999694824219
2017-08-04,98.08999633789062
2017-08-07,97.31999969482422
2017-08-08,99.06999969482422
2017-08-09,102.76000213623047
2017-08-10,101.6500015258789
2017-08-11,101.61000061035156
2017-08-14,103.12000274658203
2017-08-15,101.27999877929688
2017-08-16,101.91999816894531
2017-08-17,99.83999633789062
2017-08-18,99.70999908447266
2017-08-21,100.86000061035156
2017-08-22,101.37000274658203
2017-08-23,99.86000061035156
2017-08-24,99.51000213623047
2017-08-25,98.93000030517578
2017-08-28,99.30999755859375
2017-08-29,98.80000305175781
2017-08-30,100.25
2017-08-31,101.43000030517578
2017-09-01,100.29000091552734
2017-09-05,100.80999755859375
2017-09-06,102.95999908447266
2017-09-07,101.94000244140625
2017-09-08,100.80000305175781
2017-09-11,98.22000122070312
2017-09-12,98.73999786376953
2017-09-13,99.80000305175781
2017-09-14,97.76000213623047
2017-09-15,97.0
2017-09-18,96.29000091552734
2017-09-19,95.19999694824219
2017-09-20,95.61000061035156
2017-09-21,94.08999633789062
2017-09-22,94.08000183105469
2017-09-25,93.2699966430664
2017-09-26,93.12999725341797
2017-09-27,94.11000061035156
2017-09-28,93.4800033569336
2017-09-29,94.18000030517578
2017-10-02,94.02999877929688
2017-10-03,95.69000244140625
2017-10-04,96.48999786376953
2017-10-05,96.83000183105469
2017-10-06,95.93000030517578
2017-10-09,95.12000274658203
2017-10-10,95.12000274658203
2017-10-11,95.61000061035156
2017-10-12,93.45999908447266
2017-10-13,93.44999694824219
2017-10-16,93.6500015258789
2017-10-17,92.9800033569336
2017-10-18,91.9800033569336
2017-10-19,91.52999877929688
2017-10-20,91.9800033569336
2017-10-23,90.93000030517578
2017-10-24,88.80000305175781
2017-10-25,89.69000244140625
2017-10-26,82.23999786376953
2017-10-27,82.55000305175781
2017-10-30,84.54000091552734
2017-10-31,86.20999908447266
2017-11-01,87.20999908447266
2017-11-02,87.29000091552734
2017-11-03,86.43000030517578
2017-11-06,89.52999877929688
2017-11-07,88.72000122070312
2017-11-08,87.08999633789062
2017-11-09,88.12999725341797
2017-11-10,87.7300033569336
2017-11-13,88.70999908447266
2017-11-14,86.8499984741211
2017-11-15,87.44999694824219
2017-11-16,88.25
2017-11-17,89.55999755859375
2017-11-20,88.45999908447266
2017-11-21,88.1500015258789
2017-11-22,87.37999725341797
2017-11-24,86.52999877929688
2017-11-27,84.69000244140625
2017-11-28,85.80999755859375
2017-11-29,86.66000366210938
2017-11-30,85.70999908447266
2017-12-01,87.81999969482422
2017-12-04,87.62000274658203
2017-12-05,86.45999908447266
2017-12-06,84.12999725341797
2017-12-07,84.5999984741211
2017-12-08,83.79000091552734
2017-12-11,85.55999755859375
2017-12-12,84.7300033569336
2017-12-13,84.6500015258789
2017-12-14,84.44999694824219
2017-12-15,83.45999908447266
2017-12-18,84.19000244140625
2017-12-19,82.19000244140625
2017-12-20,81.08000183105469
2017-12-21,84.33000183105469
2017-12-22,85.04000091552734
2017-12-26,84.98999786376953
2017-12-27,83.3499984741211
2017-12-28,84.9800033569336
2017-12-29,85.05000305175781
2018-01-02,88.30000305175781
2018-01-03,89.48999786376953
2018-01-04,88.38999938964844
2018-01-05,88.83000183105469
2018-01-08,89.66000366210938
2018-01-09,89.33999633789062
2018-01-10,88.70999908447266
2018-01-11,89.93000030517578
2018-01-12,90.30000305175781
2018-01-16,89.44000244140625
2018-01-17,90.76000213623047
2018-01-18,92.11000061035156
2018-01-19,93.02999877929688
2018-01-22,93.80999755859375
2018-01-23,93.95999908447266
2018-01-24,95.13999938964844
2018-01-25,94.69999694824219
2018-01-26,94.95999908447266
2018-01-29,93.80000305175781
2018-01-30,94.30000305175781
2018-01-31,94.63999938964844
2018-02-01,93.9000015258789
2018-02-02,96.16000366210938
2018-02-05,92.94000244140625
2018-02-06,91.33000183105469
2018-02-07,90.31999969482422
2018-02-08,86.5
2018-02-09,86.04000091552734
2018-02-12,89.08999633789062
2018-02-13,88.77999877929688
2018-02-14,89.94999694824219
2018-02-15,91.45999908447266
2018-02-16,91.87999725341797
2018-02-20,90.7300033569336
2018-02-21,91.11000061035156
2018-02-22,89.45999908447266
2018-02-23,91.61000061035156
2018-02-26,91.06999969482422
2018-02-27,89.44999694824219
2018-02-28,87.37999725341797
2018-03-01,87.05000305175781
2018-03-02,85.87000274658203
2018-03-05,88.38999938964844
2018-03-06,87.62000274658203
2018-03-07,87.19000244140625
2018-03-08,87.68000030517578
2018-03-09,88.70999908447266
2018-03-12,91.52999877929688
2018-03-13,89.3499984741211
2018-03-14,87.86000061035156
2018-03-15,87.23999786376953
2018-03-16,88.12999725341797
2018-03-19,86.80000305175781
2018-03-20,86.23999786376953
2018-03-21,86.25
2018-03-22,85.2699966430664
2018-03-23,83.3499984741211
2018-03-26,83.27999877929688
2018-03-27,83.0999984741211
2018-03-28,82.95999908447266
2018-03-29,84.80000305175781
2018-04-02,82.47000122070312
2018-04-03,82.98999786376953
2018-04-04,83.20999908447266
2018-04-05,83.55999755859375
2018-04-06,82.37999725341797
2018-04-09,82.94999694824219
2018-04-10,82.30999755859375
2018-04-11,81.30999755859375
2018-04-12,81.63999938964844
2018-04-13,81.19000244140625
2018-04-16,82.87999725341797
2018-04-17,82.87999725341797
2018-04-18,83.83999633789062
2018-04-19,83.30000305175781
2018-04-20,82.45999908447266
2018-04-23,82.69999694824219
2018-04-24,80.8499984741211
2018-04-25,81.11000061035156
2018-04-26,81.05000305175781
2018-04-27,69.25
2018-04-30,70.4800033569336
2018-05-01,71.58999633789062
2018-05-02,69.61000061035156
2018-05-03,70.55000305175781
2018-05-04,72.0999984741211
2018-05-07,72.80000305175781
2018-05-08,71.75
2018-05-09,70.54000091552734
2018-05-10,71.12999725341797
2018-05-11,70.7300033569336
2018-05-14,71.70999908447266
2018-05-15,71.38999938964844
2018-05-16,71.8499984741211
2018-05-17,70.94000244140625
2018-05-18,70.6500015258789
2018-05-21,70.2300033569336
2018-05-22,70.27999877929688
2018-05-23,70.76000213623047
2018-05-24,70.52999877929688
2018-05-25,70.95999908447266
2018-05-29,69.7300033569336
2018-05-30,69.19999694824219
2018-05-31,68.29000091552734
2018-06-01,68.2699966430664
2018-06-04,69.05000305175781
2018-06-05,69.4800033569336
2018-06-06,71.33000183105469
2018-06-07,72.19999694824219
2018-06-08,72.51000213623047
2018-06-11,73.58999633789062
2018-06-12,74.81999969482422
2018-06-13,74.0
2018-06-14,76.05000305175781
2018-06-15,76.18000030517578
2018-06-18,75.87999725341797
2018-06-19,75.4800033569336
2018-06-20,75.63999938964844
2018-06-21,74.83999633789062
2018-06-22,76.86000061035156
2018-06-25,76.38999938964844
2018-06-26,77.11000061035156
2018-06-27,75.9000015258789
2018-06-28,75.70999908447266
2018-06-29,75.63999938964844
2018-07-02,75.43000030517578
2018-07-03,76.75
2018-07-05,76.7699966430664
2018-07-06,78.5999984741211
2018-07-09,79.81999969482422
2018-07-10,79.33999633789062
2018-07-11,78.9000015258789
2018-07-12,79.16999816894531
2018-07-13,78.87000274658203
2018-07-16,79.0199966430664
2018-07-17,79.22000122070312
2018-07-18,78.5999984741211
2018-07-19,77.73999786376953
2018-07-20,77.20999908447266
2018-07-23,76.23999786376953
2018-07-24,75.48999786376953
2018-07-25,73.44999694824219
2018-07-26,75.69999694824219
2018-07-27,75.1500015258789
2018-07-30,76.4800033569336
2018-07-31,79.33999633789062
2018-08-01,77.98999786376953
2018-08-02,77.30999755859375
2018-08-03,79.25
2018-08-06,78.86000061035156
2018-08-07,78.30000305175781
2018-08-08,78.13999938964844
2018-08-09,79.73999786376953
2018-08-10,79.05999755859375
2018-08-13,78.93000030517578
2018-08-14,79.9000015258789
2018-08-15,77.83999633789062
2018-08-16,78.97000122070312
2018-08-17,78.75
2018-08-20,78.36000061035156
2018-08-21,80.41000366210938
2018-08-22,79.72000122070312
2018-08-23,77.4000015258789
2018-08-24,78.54000091552734
2018-08-27,79.25
2018-08-28,79.61000061035156
2018-08-29,80.48999786376953
2018-08-30,80.44999694824219
2018-08-31,81.0
2018-09-04,81.31999969482422
2018-09-05,80.56999969482422
2018-09-06,79.51000213623047
2018-09-07,79.63999938964844
2018-09-10,80.41999816894531
2018-09-11,81.36000061035156
2018-09-12,81.1500015258789
2018-09-13,82.55999755859375
2018-09-14,82.69000244140625
2018-09-17,82.30999755859375
2018-09-18,84.4800033569336
2018-09-19,84.55999755859375
2018-09-20,84.9000015258789
2018-09-21,84.80999755859375
2018-09-24,83.61000061035156
2018-09-25,83.20999908447266
2018-09-26,83.19000244140625
2018-09-27,83.77999877929688
2018-09-28,84.33000183105469
2018-10-01,82.91999816894531
2018-10-02,83.86000061035156
2018-10-03,83.54000091552734
2018-10-04,82.79000091552734
2018-10-05,81.19999694824219
2018-10-08,81.77999877929688
2018-10-09,82.51000213623047
2018-10-10,79.80999755859375
2018-10-11,78.27999877929688
2018-10-12,79.80999755859375
2018-10-15,81.38999938964844
2018-10-16,83.18000030517578
2018-10-17,82.66000366210938
2018-10-18,82.56999969482422
2018-10-19,83.37000274658203
2018-10-22,82.6500015258789
2018-10-23,81.70999908447266
2018-10-24,78.48999786376953
2018-10-25,80.93000030517578
2018-10-26,76.58999633789062
2018-10-29,77.75
2018-10-30,81.44000244140625
2018-10-31,82.79000091552734
2018-11-01,83.83999633789062
2018-11-02,81.83000183105469
2018-11-05,83.27999877929688
2018-11-06,82.73999786376953
2018-11-07,84.25
2018-11-08,83.20999908447266
2018-11-09,82.06999969482422
2018-11-12,82.25
2018-11-13,82.56999969482422
2018-11-14,82.68000030517578
2018-11-15,82.16999816894531
2018-11-16,84.11000061035156
2018-11-19,82.13999938964844
2018-11-20,77.58000183105469
2018-11-21,77.7699966430664
2018-11-23,78.86000061035156
2018-11-26,80.29000091552734
2018-11-27,81.47000122070312
2018-11-28,84.19999694824219
2018-11-29,84.98999786376953
2018-11-30,85.12999725341797
2018-12-03,84.30000305175781
2018-12-04,82.26000213623047
2018-12-06,82.75
2018-12-07,80.80000305175781
2018-12-10,80.1500015258789
2018-12-11,79.5199966430664
2018-12-12,80.77999877929688
2018-12-13,79.37000274658203
2018-12-14,78.76000213623047
2018-12-17,78.0199966430664
2018-12-18,76.86000061035156
2018-12-19,75.02999877929688
2018-12-20,73.18000030517578
2018-12-21,71.44000244140625
2018-12-24,69.18000030517578
2018-12-26,71.66999816894531
2018-12-27,71.83000183105469
2018-12-28,71.73999786376953
2018-12-31,71.80999755859375
2019-01-02,72.69000244140625
2019-01-03,72.9800033569336
2019-01-04,76.05999755859375
2019-01-07,76.33999633789062
2019-01-08,76.54000091552734
2019-01-09,76.16999816894531
2019-01-10,75.30000305175781
2019-01-11,75.69000244140625
2019-01-14,74.73999786376953
2019-01-15,75.0
2019-01-16,75.06999969482422
2019-01-17,75.36000061035156
2019-01-18,75.37000274658203
2019-01-22,73.41999816894531
2019-01-23,73.47000122070312
2019-01-24,74.1500015258789
2019-01-25,74.83000183105469
2019-01-28,75.58999633789062
2019-01-29,74.93000030517578
2019-01-30,75.22000122070312
2019-01-31,84.7699966430664
2019-02-01,87.16000366210938
2019-02-04,86.98999786376953
2019-02-05,88.37000274658203
2019-02-06,89.0199966430664
2019-02-07,89.0
2019-02-08,88.5
2019-02-11,86.55000305175781
2019-02-12,87.29000091552734
2019-02-13,86.91000366210938
2019-02-14,87.80000305175781
2019-02-15,89.29000091552734
2019-02-19,88.79000091552734
2019-02-20,89.41000366210938
2019-02-21,89.4000015258789
2019-02-22,89.80000305175781
2019-02-25,89.2300033569336
2019-02-26,89.29000091552734
2019-02-27,89.26000213623047
2019-02-28,89.31999969482422
2019-03-01,89.75
2019-03-04,90.30000305175781
2019-03-05,89.13999938964844
2019-03-06,88.9000015258789
2019-03-07,88.37000274658203
2019-03-08,88.04000091552734
2019-03-11,89.62000274658203
2019-03-12,90.08000183105469
2019-03-13,91.05000305175781
2019-03-14,91.83999633789062
2019-03-15,92.2699966430664
2019-03-18,93.18000030517578
2019-03-19,93.52999877929688
2019-03-20,93.2300033569336
2019-03-21,94.1500015258789
2019-03-22,92.7300033569336
2019-03-25,92.0999984741211
2019-03-26,92.52999877929688
2019-03-27,92.80000305175781
2019-03-28,92.73999786376953
2019-03-29,91.63999938964844
2019-04-01,92.33000183105469
2019-04-02,92.55000305175781
2019-04-03,92.02999877929688
2019-04-04,91.95999908447266
2019-04-05,93.04000091552734
2019-04-08,93.37000274658203
2019-04-09,93.48999786376953
2019-04-10,94.20999908447266
2019-04-11,94.5199966430664
2019-04-12,94.91999816894531
2019-04-15,94.7300033569336
2019-04-16,95.36000061035156
2019-04-17,95.83000183105469
2019-04-18,95.86000061035156
2019-04-22,95.0999984741211
2019-04-23,95.94000244140625
2019-04-24,96.27999877929688
2019-04-25,97.4000015258789
2019-04-26,98.25
2019-04-29,98.58000183105469
2019-04-30,98.38999938964844
2019-05-01,98.66000366210938
2019-05-02,98.33999633789062
2019-05-03,99.9800033569336
2019-05-06,99.56999969482422
2019-05-07,99.63999938964844
2019-05-08,98.9800033569336
2019-05-09,99.19000244140625
2019-05-10,99.73999786376953
2019-05-13,96.88999938964844
2019-05-14,97.55999755859375
2019-05-15,98.6500015258789
2019-05-16,100.33999633789062
2019-05-17,101.5199966430664
2019-05-20,99.06999969482422
2019-05-21,99.88999938964844
2019-05-22,99.91999816894531
2019-05-23,99.20999908447266
2019-05-24,99.4000015258789
2019-05-28,99.41000366210938
2019-05-29,97.81999969482422
2019-05-30,98.48999786376953
2019-05-31,97.5199966430664
2019-06-03,96.9800033569336
2019-06-04,99.16999816894531
2019-06-05,99.08999633789062
2019-06-06,100.58000183105469
2019-06-07,101.52999877929688
2019-06-10,101.68000030517578
2019-06-11,100.6500015258789
2019-06-12,99.72000122070312
2019-06-13,99.62999725341797
2019-06-14,100.05000305175781
2019-06-17,100.95999908447266
2019-06-18,101.4000015258789
2019-06-19,102.0
2019-06-20,102.37999725341797
2019-06-21,102.68000030517578
2019-06-24,101.48999786376953
2019-06-25,100.16999816894531
2019-06-26,99.44000244140625
2019-06-27,101.33000183105469
2019-06-28,102.83999633789062
2019-07-01,103.9800033569336
2019-07-02,103.87000274658203
2019-07-03,104.66999816894531
2019-07-05,105.23999786376953
2019-07-08,104.33999633789062
2019-07-09,105.43000030517578
2019-07-10,106.16000366210938
2019-07-11,106.58999633789062
2019-07-12,107.02999877929688
2019-07-15,106.72000122070312
2019-07-16,106.5199966430664
2019-07-17,105.91999816894531
2019-07-18,105.95999908447266
2019-07-19,104.55999755859375
2019-07-22,103.55999755859375
2019-07-23,103.58000183105469
2019-07-24,104.13999938964844
2019-07-25,103.6500015258789
2019-07-26,100.93000030517578
2019-07-29,99.63999938964844
2019-07-30,100.04000091552734
2019-07-31,98.19000244140625
2019-08-01,97.9800033569336
2019-08-02,97.72000122070312
2019-08-05,96.26000213623047
2019-08-06,97.7300033569336
2019-08-07,96.70999908447266
2019-08-08,98.3499984741211
2019-08-09,97.9000015258789
2019-08-12,97.19000244140625
2019-08-13,97.69000244140625
2019-08-14,96.38999938964844
2019-08-15,97.0999984741211
2019-08-16,98.44000244140625
2019-08-19,99.77999877929688
2019-08-20,100.18000030517578
2019-08-21,100.23999786376953
2019-08-22,99.94000244140625
2019-08-23,98.0999984741211
2019-08-26,100.98999786376953
2019-08-27,100.87000274658203
2019-08-28,101.79000091552734
2019-08-29,103.69000244140625
2019-08-30,104.75
2019-09-03,104.58000183105469
2019-09-04,106.87999725341797
2019-09-05,107.25
2019-09-06,108.1500015258789
2019-09-09,107.08999633789062
2019-09-10,107.06999969482422
2019-09-11,107.95999908447266
2019-09-12,108.37000274658203
2019-09-13,108.62999725341797
2019-09-16,107.66000366210938
2019-09-17,107.95999908447266
2019-09-18,108.08999633789062
2019-09-19,108.43000030517578
2019-09-20,106.91000366210938
2019-09-23,106.76000213623047
2019-09-24,105.62999725341797
2019-09-25,105.5999984741211
2019-09-26,104.33999633789062
2019-09-27,103.22000122070312
2019-09-30,104.5199966430664
2019-10-01,103.44999694824219
2019-10-02,104.0999984741211
2019-10-03,105.25
2019-10-04,107.88999938964844
2019-10-07,108.0199966430664
2019-10-08,107.30000305175781
2019-10-09,107.55999755859375
2019-10-10,107.37999725341797
2019-10-11,106.9000015258789
2019-10-14,106.75
2019-10-15,109.0199966430664
2019-10-16,109.80000305175781
2019-10-17,110.69999694824219
2019-10-18,110.86000061035156
2019-10-21,109.94000244140625
2019-10-22,109.79000091552734
2019-10-23,110.0199966430664
2019-10-24,110.25
2019-10-25,116.08000183105469
2019-10-28,116.93000030517578
2019-10-29,116.75
2019-10-30,117.88999938964844
2019-10-31,117.98999786376953
2019-11-01,119.62999725341797
2019-11-04,118.41999816894531
2019-11-05,118.02999877929688
2019-11-06,116.62000274658203
2019-11-07,115.81999969482422
2019-11-08,116.72000122070312
2019-11-11,116.9800033569336
2019-11-12,117.0
2019-11-13,118.08999633789062
2019-11-14,118.4800033569336
2019-11-15,117.12999725341797
2019-11-18,116.94999694824219
2019-11-19,117.79000091552734
2019-11-20,119.8499984741211
2019-11-21,119.0
2019-11-22,117.44000244140625
2019-11-25,116.81999969482422
2019-11-26,117.12000274658203
2019-11-27,118.94000244140625
2019-11-29,118.30999755859375
2019-12-02,117.87999725341797
2019-12-03,117.8499984741211
2019-12-04,116.22000122070312
2019-12-05,118.08999633789062
2019-12-06,118.91999816894531
2019-12-09,118.70999908447266
2019-12-10,117.08999633789062
2019-12-11,118.55000305175781
2019-12-12,119.7699966430664
2019-12-13,120.52999877929688
2019-12-16,119.27999877929688
2019-12-17,119.18000030517578
2019-12-18,118.81999969482422
2019-12-19,121.37999725341797
2019-12-20,121.0999984741211
2019-12-23,122.69000244140625
2019-12-24,122.77999877929688
2019-12-26,124.05999755859375
2019-12-27,124.0
2019-12-30,123.54000091552734
2019-12-31,124.55999755859375
2020-01-02,125.19000244140625
2020-01-03,126.5
2020-01-06,126.93000030517578
2020-01-07,127.48999786376953
2020-01-08,127.30000305175781
2020-01-09,128.07000732421875
2020-01-10,127.37999725341797
2020-01-13,128.88999938964844
2020-01-14,128.44000244140625
2020-01-15,129.64999389648438
2020-01-16,129.02999877929688
2020-01-17,128.63999938964844
2020-01-21,129.36000061035156
2020-01-22,129.8300018310547
2020-01-23,130.49000549316406
2020-01-24,128.61000061035156
2020-01-27,128.3699951171875
2020-01-28,128.24000549316406
2020-01-29,125.70999908447266
2020-01-30,126.30999755859375
2020-01-31,131.58999633789062
2020-02-03,134.9499969482422
2020-02-04,134.97000122070312
2020-02-05,132.4600067138672
2020-02-06,133.25
2020-02-07,132.88999938964844
2020-02-10,133.77000427246094
2020-02-11,134.60000610351562
2020-02-12,134.9199981689453
2020-02-13,135.44000244140625
2020-02-14,135.6999969482422
2020-02-18,136.69000244140625
2020-02-19,137.91000366210938
2020-02-20,136.97000122070312
2020-02-21,135.60000610351562
2020-02-24,134.32000732421875
2020-02-25,131.6999969482422
2020-02-26,131.47000122070312
2020-02-27,128.19000244140625
2020-02-28,123.68000030517578
2020-03-02,126.20999908447266
2020-03-03,126.33999633789062
2020-03-04,131.91000366210938
2020-03-05,125.93000030517578
2020-03-06,121.98999786376953
2020-03-09,112.33999633789062
2020-03-10,116.41999816894531
2020-03-11,110.63999938964844
2020-03-12,105.25
2020-03-13,109.80000305175781
2020-03-16,92.3499984741211
2020-03-17,96.30000305175781
2020-03-18,89.62999725341797
2020-03-19,92.20999908447266
2020-03-20,87.37999725341797
2020-03-23,88.01000213623047
2020-03-24,97.04000091552734
2020-03-25,98.30000305175781
2020-03-26,109.5199966430664
2020-03-27,108.01000213623047
2020-03-30,110.37000274658203
2020-03-31,107.0
2020-04-01,102.52999877929688
2020-04-02,106.23999786376953
2020-04-03,104.0199966430664
2020-04-06,109.68000030517578
2020-04-07,108.11000061035156
2020-04-08,110.88999938964844
2020-04-09,111.62999725341797
2020-04-13,112.30999755859375
2020-04-14,117.66000366210938
2020-04-15,119.37999725341797
2020-04-16,119.87000274658203
2020-04-17,121.79000091552734
2020-04-20,121.52999877929688
2020-04-21,119.77999877929688
2020-04-22,120.8499984741211
2020-04-23,121.41000366210938
2020-04-24,122.77999877929688
2020-04-27,123.8499984741211
2020-04-28,122.5
2020-04-29,121.5199966430664
2020-04-30,120.0199966430664
2020-05-01,122.37000274658203
2020-05-04,123.27999877929688
2020-05-05,123.8499984741211
2020-05-06,121.29000091552734
2020-05-07,124.0199966430664
2020-05-08,124.62999725341797
2020-05-11,123.04000091552734
2020-05-12,121.16999816894531
2020-05-13,119.30000305175781
2020-05-14,120.56999969482422
2020-05-15,120.36000061035156
2020-05-18,125.01000213623047
2020-05-19,124.58999633789062
2020-05-20,123.77999877929688
2020-05-21,123.88999938964844
2020-05-22,124.26000213623047
2020-05-26,124.43000030517578
2020-05-27,128.0800018310547
2020-05-28,131.4199981689453
2020-05-29,134.69000244140625
2020-06-01,134.17999267578125
2020-06-02,135.22000122070312
2020-06-03,135.6699981689453
2020-06-04,133.63999938964844
2020-06-05,131.8699951171875
2020-06-08,132.42999267578125
2020-06-09,130.11000061035156
2020-06-10,129.85000610351562
2020-06-11,125.62000274658203
2020-06-12,127.33000183105469
2020-06-15,128.17999267578125
2020-06-16,128.75999450683594
2020-06-17,129.22000122070312
2020-06-18,129.75
2020-06-19,128.61000061035156
2020-06-22,127.56999969482422
2020-06-23,126.41000366210938
2020-06-24,122.69999694824219
2020-06-25,122.80000305175781
2020-06-26,121.0999984741211
2020-06-29,122.76000213623047
2020-06-30,122.19000244140625
2020-07-01,126.61000061035156
2020-07-02,123.58000183105469
2020-07-06,124.1500015258789
2020-07-07,125.97000122070312
2020-07-08,125.31999969482422
2020-07-09,124.6500015258789
2020-07-10,126.0199966430664
2020-07-13,124.37999725341797
2020-07-14,127.22000122070312
2020-07-15,128.67999267578125
2020-07-16,128.5399932861328
2020-07-17,130.61000061035156
2020-07-20,130.61000061035156
2020-07-21,131.1300048828125
2020-07-22,131.49000549316406
2020-07-23,129.9199981689453
2020-07-24,130.6300048828125
2020-07-27,129.44000244140625
2020-07-28,129.5
2020-07-29,130.07000732421875
2020-07-30,131.42999267578125
2020-07-31,135.00999450683594
2020-08-03,137.82000732421875
2020-08-04,139.5500030517578
2020-08-05,139.72000122070312
2020-08-06,141.63999938964844
2020-08-07,142.91000366210938
2020-08-10,141.77000427246094
2020-08-11,138.9600067138672
2020-08-12,139.1199951171875
2020-08-13,140.0
2020-08-14,139.0399932861328
2020-08-17,137.6300048828125
2020-08-18,137.57000732421875
2020-08-19,137.13999938964844
2020-08-20,136.85000610351562
2020-08-21,136.80999755859375
2020-08-24,138.08999633789062
2020-08-25,138.72999572753906
2020-08-26,138.82000732421875
2020-08-27,139.0
2020-08-28,139.0800018310547
2020-08-31,138.19000244140625
2020-09-01,139.5500030517578
2020-09-02,141.66000366210938
2020-09-03,137.86000061035156
2020-09-04,135.3800048828125
2020-09-08,134.60000610351562
2020-09-09,137.44000244140625
2020-09-10,136.10000610351562
2020-09-11,136.0
2020-09-14,138.11000061035156
2020-09-15,141.00999450683594
2020-09-16,143.1999969482422
2020-09-17,140.2100067138672
2020-09-18,140.4199981689453
2020-09-21,139.3800048828125
2020-09-22,143.3300018310547
2020-09-23,139.8300018310547
2020-09-24,138.13999938964844
2020-09-25,139.16000366210938
2020-09-28,142.61000061035156
2020-09-29,142.27999877929688
2020-09-30,141.80999755859375
2020-10-01,144.33999633789062
2020-10-02,142.1699981689453
2020-10-05,145.9199981689453
2020-10-06,143.55999755859375
2020-10-07,144.5399932861328
2020-10-08,146.05999755859375
2020-10-09,146.41000366210938
2020-10-12,149.77000427246094
2020-10-13,149.55999755859375
2020-10-14,147.17999267578125
2020-10-15,147.52000427246094
2020-10-16,147.10000610351562
2020-10-19,143.6699981689453
2020-10-20,141.9199981689453
2020-10-21,140.55999755859375
2020-10-22,139.72999572753906
2020-10-23,138.60000610351562
2020-10-26,136.6199951171875
2020-10-27,136.47000122070312
2020-10-28,133.77000427246094
2020-10-29,134.13999938964844
2020-10-30,140.5500030517578
2020-11-02,137.2899932861328
2020-11-03,138.99000549316406
2020-11-04,148.00999450683594
2020-11-05,151.3300018310547
2020-11-06,151.61000061035156
2020-11-09,145.14999389648438
2020-11-10,147.8000030517578
2020-11-11,148.85000610351562
2020-11-12,149.39999389648438
2020-11-13,152.25
2020-11-16,151.47000122070312
2020-11-17,153.61000061035156
2020-11-18,156.50999450683594
2020-11-19,157.13999938964844
2020-11-20,159.13999938964844
2020-11-23,158.2899932861328
2020-11-24,158.19000244140625
2020-11-25,156.89999389648438
2020-11-27,157.13999938964844
2020-11-30,156.77000427246094
2020-12-01,159.94000244140625
2020-12-02,160.2100067138672
2020-12-03,160.0800018310547
2020-12-04,161.0500030517578
2020-12-07,161.8300018310547
2020-12-08,159.7899932861328
2020-12-09,157.24000549316406
2020-12-10,158.89999389648438
2020-12-11,158.75
2020-12-14,158.58999633789062
2020-12-15,158.0399932861328
2020-12-16,157.41000366210938
2020-12-17,159.6199951171875
2020-12-18,155.69000244140625
2020-12-21,156.25999450683594
2020-12-22,152.07000732421875
2020-12-23,155.8300018310547
2020-12-24,158.75
2020-12-28,155.77999877929688
2020-12-29,157.99000549316406
2020-12-30,155.0
2020-12-31,157.5800018310547
2021-01-04,154.5399932861328
2021-01-05,152.0399932861328
2021-01-06,150.1999969482422
2021-01-07,151.7899932861328
2021-01-08,151.5
2021-01-11,151.74000549316406
2021-01-12,147.0399932861328
2021-01-13,145.97999572753906
2021-01-14,147.57000732421875
2021-01-15,149.2899932861328
2021-01-19,150.52000427246094
2021-01-20,153.3300018310547
2021-01-21,154.41000366210938
2021-01-22,153.64999389648438
2021-01-25,154.66000366210938
2021-01-26,153.6199951171875
2021-01-27,142.61000061035156
2021-01-28,154.2899932861328
2021-01-29,145.1699981689453
2021-02-01,144.22000122070312
2021-02-02,147.83999633789062
2021-02-03,145.50999450683594
2021-02-04,147.6999969482422
2021-02-05,146.6300048828125
2021-02-08,147.89999389648438
2021-02-09,149.1300048828125
2021-02-10,147.1300048828125
2021-02-11,148.05999755859375
2021-02-12,146.6699981689453
2021-02-16,147.64999389648438
2021-02-17,147.8300018310547
2021-02-18,147.1199951171875
2021-02-19,145.88999938964844
2021-02-22,143.52000427246094
2021-02-23,143.3800048828125
2021-02-24,143.35000610351562
2021-02-25,140.47000122070312
2021-02-26,145.36000061035156
2021-03-01,147.42999267578125
2021-03-02,146.77999877929688
2021-03-03,145.0800018310547
2021-03-04,144.91000366210938
2021-03-05,148.4499969482422
2021-03-08,146.0500030517578
2021-03-09,146.0800018310547
2021-03-10,149.8699951171875
2021-03-11,148.72000122070312
2021-03-12,148.94000244140625
2021-03-15,148.83999633789062
2021-03-16,151.77000427246094
2021-03-17,151.16000366210938
2021-03-18,148.25
2021-03-19,147.69000244140625
2021-03-22,150.3699951171875
2021-03-23,151.22000122070312
2021-03-24,151.63999938964844
2021-03-25,149.27000427246094
2021-03-26,148.02000427246094
2021-03-29,147.74000549316406
2021-03-30,147.13999938964844
2021-03-31,145.14999389648438
2021-04-01,143.58999633789062
2021-04-05,143.3000030517578
2021-04-06,144.0500030517578
2021-04-07,143.10000610351562
2021-04-08,143.24000549316406
2021-04-09,143.5399932861328
2021-04-12,145.63999938964844
2021-04-13,146.33999633789062
2021-04-14,144.8000030517578
2021-04-15,148.50999450683594
2021-04-16,150.3699951171875
2021-04-19,150.7899932861328
2021-04-20,152.8699951171875
2021-04-21,154.1699981689453
2021-04-22,154.9600067138672
2021-04-23,154.86000061035156
2021-04-26,153.35000610351562
2021-04-27,152.9499969482422
2021-04-28,153.08999633789062
2021-04-29,156.69000244140625
2021-04-30,157.6699981689453
2021-05-03,157.8300018310547
2021-05-04,156.52999877929688
2021-05-05,157.10000610351562
2021-05-06,157.5500030517578
2021-05-07,161.64999389648438
2021-05-10,160.9499969482422
2021-05-11,160.35000610351562
2021-05-12,158.17999267578125
2021-05-13,158.19000244140625
2021-05-14,161.99000549316406
2021-05-17,158.8800048828125
2021-05-18,157.07000732421875
2021-05-19,156.38999938964844
2021-05-20,160.47000122070312
2021-05-21,160.33999633789062
2021-05-24,162.8699951171875
2021-05-25,162.13999938964844
2021-05-26,161.75
2021-05-27,162.35000610351562
2021-05-28,162.05999755859375
2021-06-01,159.8300018310547
2021-06-02,158.11000061035156
2021-06-03,156.4199981689453
2021-06-04,158.3800048828125
2021-06-07,157.42999267578125
2021-06-08,155.69000244140625
2021-06-09,155.7899932861328
2021-06-10,157.42999267578125
2021-06-11,158.39999389648438
2021-06-14,159.02999877929688
2021-06-15,156.97000122070312
2021-06-16,155.57000732421875
2021-06-17,157.36000061035156
2021-06-18,156.61000061035156
2021-06-21,158.1999969482422
2021-06-22,161.1999969482422
2021-06-23,160.39999389648438
2021-06-24,163.75
2021-06-25,167.63999938964844
2021-06-28,167.91000366210938
2021-06-29,167.2899932861328
2021-06-30,168.1699981689453
2021-07-01,168.97999572753906
2021-07-02,170.77000427246094
2021-07-06,170.0800018310547
2021-07-07,172.3000030517578
2021-07-08,171.72000122070312
2021-07-09,172.6699981689453
2021-07-12,168.2899932861328
2021-07-13,166.82000732421875
2021-07-14,165.3000030517578
2021-07-15,165.30999755859375
2021-07-16,167.02000427246094
2021-07-19,166.49000549316406
2021-07-20,169.05999755859375
2021-07-21,168.8699951171875
2021-07-22,169.4199981689453
2021-07-23,171.17999267578125
2021-07-26,171.6999969482422
2021-07-27,170.63999938964844
2021-07-28,169.8699951171875
2021-07-29,167.52999877929688
2021-07-30,171.6699981689453
2021-08-02,172.92999267578125
2021-08-03,175.00999450683594
2021-08-04,175.72000122070312
2021-08-05,177.1199951171875
2021-08-06,176.05999755859375
2021-08-09,174.75999450683594
2021-08-10,174.4600067138672
2021-08-11,176.6699981689453
2021-08-12,177.35000610351562
2021-08-13,176.97999572753906
2021-08-16,178.6699981689453
2021-08-17,179.77000427246094
2021-08-18,178.35000610351562
2021-08-19,179.49000549316406
2021-08-20,181.44000244140625
2021-08-23,182.27000427246094
2021-08-24,181.82000732421875
2021-08-25,182.8699951171875
2021-08-26,182.0800018310547
2021-08-27,184.97999572753906
2021-08-30,185.77999877929688
2021-08-31,185.77000427246094
2021-09-01,186.97000122070312
2021-09-02,187.10000610351562
2021-09-03,185.30999755859375
2021-09-07,182.7899932861328
2021-09-08,182.63999938964844
2021-09-09,179.82000732421875
2021-09-10,178.97999572753906
2021-09-13,180.5500030517578
2021-09-14,172.94000244140625
2021-09-15,172.66000366210938
2021-09-16,172.0
2021-09-17,171.4199981689453
2021-09-20,169.6199951171875
2021-09-21,170.0
2021-09-22,171.5800018310547
2021-09-23,170.74000549316406
2021-09-24,169.86000061035156
2021-09-27,169.08999633789062
2021-09-28,168.05999755859375
2021-09-29,169.1999969482422
2021-09-30,168.35000610351562
2021-10-01,171.9199981689453
2021-10-04,173.27000427246094
2021-10-05,174.27000427246094
2021-10-06,173.89999389648438
2021-10-07,174.3800048828125
2021-10-08,165.47999572753906
2021-10-11,163.41000366210938
2021-10-12,163.19000244140625
2021-10-13,163.91000366210938
2021-10-14,166.0
2021-10-15,165.14999389648438
2021-10-18,165.80999755859375
2021-10-19,170.00999450683594
2021-10-20,172.60000610351562
2021-10-21,172.82000732421875
2021-10-22,173.1999969482422
2021-10-25,172.5500030517578
2021-10-26,172.1199951171875
2021-10-27,169.5800018310547
2021-10-28,168.92999267578125
2021-10-29,160.77000427246094
2021-11-01,161.57000732421875
2021-11-02,162.5399932861328
2021-11-03,166.9199981689453
2021-11-04,165.5800018310547
2021-11-05,166.94000244140625
2021-11-08,167.3699951171875
2021-11-09,167.63999938964844
2021-11-10,167.5
2021-11-11,165.0
2021-11-12,165.72999572753906
2021-11-15,167.13999938964844
2021-11-16,166.2100067138672
2021-11-17,166.75999450683594
2021-11-18,163.8699951171875
2021-11-19,162.8800048828125
2021-11-22,158.3699951171875
2021-11-23,160.25999450683594
2021-11-24,159.0
2021-11-26,157.61000061035156
2021-11-29,156.33999633789062
2021-11-30,151.5800018310547
2021-12-01,148.49000549316406
2021-12-02,153.99000549316406
2021-12-03,156.42999267578125
2021-12-06,158.0500030517578
2021-12-07,155.1999969482422
2021-12-08,152.8000030517578
2021-12-09,147.91000366210938
2021-12-10,147.3300018310547
2021-12-13,147.2100067138672
2021-12-14,149.0
2021-12-15,148.2100067138672
2021-12-16,150.8800048828125
2021-12-17,153.92999267578125
2021-12-20,153.86000061035156
2021-12-21,155.61000061035156
2021-12-22,154.64999389648438
2021-12-23,157.50999450683594
